flyway,origin,destination,n,n_individuals,q_signed,q_abs,q_r2,r_primary,r_q20q80,r_local,lambda,correction,low_support
barents,R1,R2,12,8,0.8924446652892631,0.8924446652892631,0.7964574806032649,1.0,1.0,0.9147209676184647,0.49411394152354365,0.5058860584764564,False
barents,R1,R5,10,6,-0.002382912596154,0.002382912596154,5.678272440909396e-06,1.0,1.0,1.0,-0.008570814221537533,0.9914291857784625,False
barents,R2,R3,6,4,0.9497854068368788,0.9497854068368788,0.9020923190402954,0.4398085097602245,0.3992500493388592,0.2740564954451505,0.5384293574955341,0.4615706425044659,False
barents,R3,R5,6,4,0.2828321635600981,0.2828321635600981,0.07999403274408609,0.2871940902150138,0.2985987763962897,0.3065911352675496,0.22454587332334602,0.7754541266766539,False
barents,R4,R5,7,6,0.6624464889654946,0.6624464889654946,0.4388353507427112,0.14370021872807562,0.1292678113282021,0.040419505473474705,1.2492423107271913,-0.24924231072719127,False
barents,R5,R7,7,3,0.6971603502273429,0.6971603502273429,0.48603255392911143,0.12190995006396765,0.11949871718965857,0.22613488478909904,0.8328581286430923,0.16714187135690772,True
greenland,R1,R2,7,7,-0.0002792620057246,0.0002792620057246,7.798726784132652e-08,1.0,1.0,0.7042176870748301,-1.079880175007785,-0.0798801750077851,False
greenland,R2,R3,6,6,0.1691300333680782,0.1691300333680782,0.028604968187087243,0.6310762651461154,0.7727272727272727,1.0,0.13073088347575545,0.8692691165242445,False
svalbard,R1,R2,18,17,0.5620206070374474,0.5620206070374474,0.31586716273474086,1.0,1.0,1.0,0.07036039604877972,0.9296396039512203,False
svalbard,R2,R4,16,15,0.0014789956295215756,0.0014789956295215756,2.1874280721439217e-06,0.17455138662316472,0.3022284122562675,0.21146245059288535,-0.10632090683602283,0.8936790931639772,False
