study_id,year,first_author,title,doi,role,primary_slope_candidate,fitness_layer_candidate,notes
SCHMALJOHANN2019,2019,Schmaljohann,The start of migration correlates with arrival timing and the total speed of migration increases with migration distance in migratory songbirds: a cross-continental analysis,10.1186/s40462-019-0169-1,HIGH_PRIORITY_PRIOR_ART,YES,NO,Already reports species-specific departure-to-arrival slopes in 17 spring and 21 autumn species; deduplicate underlying datasets before any effect use
SENNER2014,2014,Senner,An Exception to the Rule: Carry-Over Effects Do Not Accumulate in a Long-Distance Migratory Bird,10.1371/journal.pone.0086588,PRIMARY_SEED,YES,YES,Sequential timing-deviation models across full annual cycle plus breeding success and survival
BRIEDIS2018,2018,Briedis,Linking events throughout the annual cycle in a migratory bird—non-breeding period buffers accumulation of carry-over effects,10.1007/s00265-018-2509-3,PRIMARY_SEED,LIKELY,YES,Collared flycatcher; experimental brood manipulation and annual-cycle timing
GOW2019,2019,Gow,A range-wide domino effect and resetting of the annual cycle in a migratory songbird,10.1098/rspb.2018.1916,PRIMARY_SEED,LIKELY,NO,Tree swallow; 133 individuals from 12 populations; reset during non-breeding period
SAINO2017,2017,Saino,Sex-dependent carry-over effects on timing of reproduction and fecundity of a migratory bird,10.1111/1365-2656.12625,PRIMARY_SEED,LIKELY,YES,Barn swallow; sex-specific timing carry-over and fecundity
CARNEIRO2023,2023,Carneiro,Annual Schedule Adjustment by a Long-Distance Migratory Bird,10.1086/722566,PRIMARY_SEED,YES,PARTIAL,Icelandic whimbrel; 38 individuals over 7 years; stationary-period compensation
LOPEZCALDERON2024,2024,Lopez-Calderon,Year-round carryover effects are driven by migration phenology for Hirundo rustica wintering in West Africa,,PRIMARY_SEED,LIKELY,YES,Barn swallow; path model includes buffering periods and breeding success
ARCTIC_SKUA2024,2024,van Bemmelen,Synchronous timing of return to breeding sites in a long-distance migratory seabird with ocean-scale variation in migration schedules,10.1186/s40462-024-00459-9,PRIMARY_SEED,LIKELY,PARTIAL,Multiple breeding populations and wintering areas; timing compression before breeding
FRANKLIN2022,2022,Franklin,Individual repeatability of avian migration phenology: A systematic review and meta-analysis,10.1111/1365-2656.13697,CORPUS_SOURCE,NO,NO,54 papers and 177 repeatability effects; source list for screening but repeatability is not propagation
WANG2024,2024,Wang,Macro-scale relationship between body mass and timing of bird migration,10.1038/s41467-024-48248-7,CORPUS_SOURCE,SECONDARY,NO,186 species global tracking compilation with annual-cycle timing SEM; source list for additional studies
WEIR2024,2024,Weir,Buffering and phenological mismatch: A change of perspective,10.1111/gcb.17294,NOVELTY_BOUNDARY,NO,CONCEPTUAL,Defines buffering and explicitly calls for identifying limits of buffers
BLACKTAILED2011,2011,,Repeatable timing of northward departure arrival and breeding in Black-tailed Godwits but no domino effects,10.1007/s10336-011-0692-3,PRIMARY_SEED,LIKELY,PARTIAL,Sequential staging arrival and laying dates; explicit no-domino result
CATRY2013,2013,Catry,Carry-over effects from breeding modulate the annual cycle of a long-distance migrant: an experimental demonstration,10.1890/12-2177.1,PRIMARY_SEED,LIKELY,PARTIAL,Experimental breeding perturbation; asks whether delays are recovered or paid later
CONKLIN2013,2013,Conklin,Carry-over effects and compensation: late arrival on non-breeding grounds affects wing moult but not plumage or schedules of departing bar-tailed godwits,10.1111/j.1600-048X.2012.05606.x,PRIMARY_SEED,LIKELY,PARTIAL,Non-breeding schedule compensation after late arrival
VANWIJK2017,2017,van Wijk,Dependencies in the timing of activities weaken over the annual cycle in a long-distance migratory bird,10.1007/s00265-017-2305-5,PRIMARY_SEED,CONDITIONAL,YES,Hoopoe full annual cycle; timing dependencies in day units plus reproductive output; published model-averaged coefficients are conditional and exact primary beta/SE or raw event dates must be verified
MEIER2020,2020,Meier,Population-specific adjustment of the annual cycle in a super-swift trans-Saharan migrant,10.1111/jav.02515,PRIMARY_SCREEN,NO,NO,Alpine swift full annual cycle; previous-stage timing effects are reported after z-transformation and are therefore not admissible raw day/day slopes unless individual event dates are independently located
BRIEDIS_MULTI2019,2019,Briedis,A full annual perspective on sex-biased migration timing in long-distance migratory birds,10.1098/rspb.2018.2821,HIGH_PRIORITY_PRIOR_ART,YES,NO,More than 350 tracks across 14 Afro-Palearctic species; pooled departure-arrival carry-over and public Dryad database; underlying cohorts overlap primary studies so not an independent V5 dataset
FAYET2016,2016,Fayet,Carry-over effects on the annual cycle of a migratory seabird: an experimental study,10.1111/1365-2656.12580,SECONDARY_MECHANISTIC,NO,YES,Manx shearwater experimental reproductive-effort manipulation with public full-annual-cycle geolocator data and later breeding outcomes; treatment contrasts are not primary day/day propagation effects
