study_id,year,system,source_role,evidence_tier_preoutcome,individual_linkage,raw_or_effect_access,active_transition_candidate,stationary_transition_candidate,primary_h1_status,reason
WANG2024,2024,global_186_species_tracking,GLOBAL_LANE_SOURCE,B,YES,PUBLIC_FIGSHARE_RAW,YES,YES,GLOBAL_SCHEMA_AUDIT_PENDING,"1531 individual records plus 177 population records; four annual-cycle event dates harmonized; population records excluded from V5 primary"
SENNER2014,2014,Hudsonian_godwit,LITERATURE_SEED,A,YES,PUBLISHED_MODELS_TRACKS,YES,YES,PROVISIONAL,"repeated individual timing deviations across full annual cycle; direct raw beta recoverability not yet confirmed"
BRIEDIS2018,2018,collared_flycatcher,LITERATURE_SEED,A,YES,MOVEBANK_UPON_REQUEST,YES,YES,PROVISIONAL,"brood manipulation plus individual tracking; data availability states Movebank project 166151488 upon request"
GOW2019,2019,tree_swallow,LITERATURE_SEED,B,YES,PUBLIC_DRYAD_RAW,YES,YES,ELIGIBLE_SCHEMA_PENDING,"133 tracked individuals across 12 populations; public timing CSV"
SAINO2017,2017,barn_swallow,LITERATURE_SEED,B,YES,PUBLIC_DRYAD_RAW,YES,YES,ELIGIBLE_SCHEMA_PENDING,"public Dryad individual supporting data; year-round geolocator and breeding outcomes"
CARNEIRO2023,2023,Icelandic_whimbrel,LITERATURE_SEED,A_B,YES,PUBLIC_DRYAD_RAW,YES,YES,ELIGIBLE_SCHEMA_PENDING,"38 individuals over 7 years; public raw dates and code; repeated individuals may support Tier A anomaly sensitivity"
LOPEZCALDERON2024,2024,barn_swallow_West_Africa,LITERATURE_SEED,B,YES,PUBLIC_DRYAD_RAW,YES,YES,ELIGIBLE_SCHEMA_PENDING,"35 tracked individuals; public raw XLSX with key annual-cycle dates"
ARCTIC_SKUA2024,2024,Arctic_skua,LITERATURE_SEED,B,YES,MOVEBANK_STUDY_IDS,YES,YES,PROVISIONAL,"individual geolocator data stored under published Movebank study IDs; direct extraction status not yet checked"
BLACKTAILED2011,2011,Black_tailed_godwit,LITERATURE_SEED,B,YES,PUBLISHED_REGRESSIONS,YES,YES,PROVISIONAL,"same marked individuals measured staging arrival and laying; no public raw repository identified"
CATRY2013,2013,Corys_shearwater,LITERATURE_ANCHOR,A,YES,PUBLISHED_EXPERIMENT_SUPPORT,YES,YES,NOT_PRIMARY_BETA,"experimental reproductive-effort perturbation shifts schedule but treatment contrast is not itself stage-to-stage day/day beta"
CONKLIN2012,2012,bar_tailed_godwit,LITERATURE_SEED,A_B,YES,PUBLISHED_REPEATED_INDIVIDUAL_DATA,NO,YES,PROVISIONAL,"77 colour-banded birds over three nonbreeding seasons; repeated annual variation arrival-to-moult/departure; raw repository not yet identified"
FRANKLIN2022,2022,repeatability_meta,CORPUS_SOURCE,NA,NA,PUBLISHED_META,NO,NO,NOT_EFFECT_SOURCE,"repeatability ICC is not beta_AB"
WEIR2024,2024,buffering_perspective,NOVELTY_BOUNDARY,NA,NA,PUBLISHED_PERSPECTIVE,NO,NO,NOT_EFFECT_SOURCE,"conceptual buffering prior art"
