flyway,individual_id,year,origin_region,destination_region,origin_phase,destination_phase,origin_stopover_days
greenland,65698,2009,R2,R3,127.07822954054302,143.98412283179883,20.5
greenland,78199,2010,R2,R3,144.6812416933575,139.77577407151713,2.6666666666666665
greenland,78207,2008,R2,R3,122.41232188875466,136.85084427209063,11.583333333333334
greenland,78208,2008,R2,R3,109.82898855542132,137.684177605424,25.166666666666668
greenland,78209,2008,R2,R3,112.32898855542132,134.60084427209063,18.166666666666668
greenland,78210,2008,R2,R3,120.66232188875466,139.184177605424,14.333333333333334
barents,78035,2009,R1,R2,117.04575153487126,131.65635985977184,9.375
barents,78035,2010,R1,R2,39.63272278330954,98.09666614689584,59.125
barents,78037,2009,R1,R2,111.17075153487126,125.65635985977184,9.25
barents,78041,2008,R1,R2,117.24583767023348,154.24461064109693,28.375
barents,78042a,2008,R1,R2,129.24583767023347,143.99461064109693,5.375
barents,78043,2008,R1,R2,84.37083767023348,157.99461064109693,65.25
barents,78043,2010,R1,R2,100.50772278330956,110.8883328135625,11.25
barents,78044,2008,R1,R2,99.62083767023348,135.36961064109693,28.0
barents,78044,2010,R1,R2,60.632722783309546,98.09666614689584,38.125
barents,78045,2008,R1,R2,72.49583767023347,137.36961064109693,57.125
barents,78047,2008,R1,R2,129.24583767023347,156.36961064109693,19.375
barents,78047,2010,R1,R2,95.38272278330956,118.09666614689584,23.375
svalbard,170563,2007,R2,R4,13.50200282619383,-27.871016837606675,9.083333333333334
svalbard,186827,2009,R2,R4,1.4653918994076065,-24.727587578994303,13.416666666666666
svalbard,33103,2011,R2,R4,13.754514710293437,-22.084015611934205,7.958333333333333
svalbard,33953,2010,R2,R4,3.0300022465239635,-7.759362295693876,16.541666666666668
svalbard,33954,2010,R2,R4,5.238335579857306,-9.759362295693876,9.25
svalbard,64685,2006,R2,R4,3.3495932282594083,8.229290901641406,17.083333333333332
svalbard,64687,2006,R2,R4,2.8495932282594083,9.979290901641406,17.416666666666668
svalbard,64687,2007,R2,R4,11.335336159527188,-28.91268350427333,11.666666666666666
svalbard,70564,2007,R2,R4,25.085336159527174,-20.246016837606675,4.833333333333333
svalbard,70565,2007,R2,R4,-2.831330507139484,-31.996016837606675,21.916666666666668
svalbard,70566,2007,R2,R4,28.085336159527174,-20.95435017093999,2.5
svalbard,70567,2007,R2,R4,11.002002826193843,-25.20435017093999,11.916666666666666
svalbard,70618,2007,R2,R4,-3.747997173806155,-28.996016837606675,26.33333333333333
svalbard,70619,2007,R2,R4,2.9186694928605164,-28.996016837606675,19.5
svalbard,86824,2009,R2,R4,4.298725232740935,-24.227587578994303,9.5
svalbard,86828,2009,R2,R4,1.632058566074278,-25.477587578994303,12.166666666666666
