study_id,year,first_author,doi,role,data_access,primary_beta_status,duplicate_risk,admission_note
SCHMALJOHANN2019,2019,Schmaljohann,10.1186/s40462-019-0169-1,HIGH_PRIORITY_PRIOR_ART_AND_EFFECT_SOURCE,PUBLISHED_ANALYSIS,DIRECT_SPECIES_SLOPES_REPORTED,HIGH,"Day-for-day departure-to-arrival slopes already reported across 17 spring and 21 autumn species; underlying tracking datasets must be deduplicated against primary studies."
SENNER2014,2014,Senner,10.1371/journal.pone.0086588,PRIMARY_SEED,PUBLISHED_FULL_TEXT_AND_TABLES,PENDING_EXACT_TABLE_EXTRACTION,LOW,"Sequential mixed models use relative timing deviations; exact admissible unstandardized transition coefficients must be verified from tables before inclusion."
BRIEDIS2018,2018,Briedis,10.1007/s00265-018-2509-3,PRIMARY_SEED,MOVEBANK_UPON_REQUEST,PENDING_ACCESS_AND_SCHEMA,MEDIUM,"Individual tracking exists; dataset listed as Movebank project 166151488 but access is upon request. No effect admitted until accessible slope/data are verified."
GOW2019,2019,Gow,10.1098/rspb.2018.1916,PRIMARY_SEED,DRYAD_PUBLIC,RAW_REANALYSIS_ADMISSIBLE,MEDIUM,"Public individual annual-cycle timing data at Dryad 10.5061/dryad.5v5b124; candidate for common beta re-estimation."
SAINO2017,2017,Saino,10.1111/1365-2656.12625,PRIMARY_SEED,DRYAD_PUBLIC,RAW_REANALYSIS_ADMISSIBLE,MEDIUM,"Public individual data at Dryad 10.5061/dryad.12n6v; published paper used correlations/path models, so V5 must re-estimate only from raw day-scale events."
CARNEIRO2023,2023,Carneiro,10.1086/722566,PRIMARY_SEED,DRYAD_PUBLIC,RAW_REANALYSIS_ADMISSIBLE,LOW,"Public individual annual-cycle dates at Dryad 10.5061/dryad.vt4b8gtv9; multiple stationary and migration transitions available."
LOPEZCALDERON2024,2024,Lopez-Calderon,10.1093/ornithology/ukae024,PRIMARY_SEED,DRYAD_PUBLIC,RAW_REANALYSIS_ADMISSIBLE,MEDIUM,"Public XLSX at Dryad 10.5061/dryad.ghx3ffbxj; standardized PLS path coefficients are not primary effects, but raw dates may support V5 re-estimation."
ARCTIC_SKUA2024,2024,van_Bemmelen,10.1186/s40462-024-00459-9,HIGH_PRIORITY_PRIOR_ART_AND_PRIMARY_SEED,MOVEBANK_STUDY_IDS,PENDING_ACCESS_OR_DIRECT_SLOPE_EXTRACTION,LOW,"276 tracks from 155 individuals; study already defines carry-over/compensation through annual-cycle timing relationships. Movebank study IDs are published."
WANG2024,2024,Wang,10.1038/s41467-024-48248-7,CORPUS_SOURCE,FIGSHARE_PUBLIC,PENDING_SCHEMA_AND_DEDUP,VERY_HIGH,"Global compilation of 186 species with carry-over paths. Individual records are useful for discovery/reanalysis only with source-level deduplication."
BLACKTAILED2011,2011,Lourenco,10.1007/s10336-011-0692-3,PRIMARY_SEED,PUBLISHED_FULL_TEXT,NOT_ADMITTED_WITHOUT_RAW_OR_UNSTANDARDIZED_SLOPE,LOW,"Paper reports no domino correlations between departure, arrival and laying; correlation/repeatability cannot be converted into beta."
CATRY2013,2013,Catry,10.1890/12-2177.1,MECHANISTIC_ANCHOR,PUBLISHED_FULL_TEXT,INELIGIBLE_PRIMARY_DESIGN,LOW,"Experimental treatment contrasts shift schedules but do not by themselves supply the continuous stage-to-stage day-for-day beta required for primary synthesis."
CONKLIN2012,2012,Conklin,10.1111/j.1600-048X.2012.05606.x,PRIMARY_SEED,PUBLISHED_FULL_TEXT,PENDING_TABLE_OR_RAW_DATA,LOW,"Same-individual arrival, moult and departure schedules are relevant, but no primary beta is admitted until an unstandardized slope or raw records are verified."
FRANKLIN2022,2022,Franklin,10.1111/1365-2656.13697,CORPUS_SOURCE,PUBLISHED_META_ANALYSIS,INELIGIBLE_PRIMARY_ESTIMAND,HIGH,"Repeatability/ICC source only; useful for literature discovery, never converted to beta."
WEIR2024,2024,Weir,10.1111/gcb.17294,NOVELTY_BOUNDARY,PUBLISHED_PERSPECTIVE,INELIGIBLE_PRIMARY_ESTIMAND,NONE,"Conceptual buffering boundary only."
